Workbook

Sheet 01_BAO_GIA_TONG_HOP
A1: ĐỀ XUẤT WEBSITE HỌC VIỆN ẨM THỰC DUAXCAR KITCHEN – ĐÀO TẠO NGHỀ & CỐ VẤN KINH DOANH F&B
A2: Phạm vi gồm 02 phương án: Gói Tiết kiệm (Core Academy) và Gói Full (Học viện & Chuyển giao F&B Toàn diện).
A4: THAM SỐ | B4: Giá trị | D4: GÓI TIẾT KIỆM – CORE ACADEMY | G4: GÓI FULL – KHUYẾN NGHỊ TĂNG TRƯỞNG
A5: Chiết khấu Gói Tiết kiệm | B5: 0.2 | D5: Module quy trình | E5: 10 | G5: Module quy trình | H5: 16
A6: Chiết khấu Gói Full | B6: 0.2 | D6: Feature/hạng mục | E6: ='02_CHI_TIET_MODULE'!F324 | G6: Feature/hạng mục | H6: ='02_CHI_TIET_MODULE'!G324
D7: Trang/UI | E7: ='03_TRANG_UI'!D45 | G7: Trang/UI | H7: ='03_TRANG_UI'!E45
A8: CHÊNH LỆCH FULL | D8: Giá niêm yết | E8: =SUMIF($F$14:$F$29,"✓",$H$14:$H$29) | G8: Giá niêm yết | H8: =SUMIF($G$14:$G$29,"✓",$H$14:$H$29)
A9: Tăng thêm | B9: =H9-E9 | D9: TỔNG GÓI | E9: =E8*(1-$B$5) | G9: TỔNG GÓI | H9: =H8*(1-$B$6)
A10: Tỷ lệ tăng | B10: =IF(E9=0,0,B9/E9)
A11: Add-on Full | B11: 6
A13: Mã | B13: Nhóm | C13: MODULE QUY TRÌNH | D13: Kết quả / Giá trị bàn giao | E13: Số hạng mục | F13: Tiết kiệm | G13: Full | H13: Giá module tham chiếu | I13: Ghi chú
A14: M01 | B14: NỀN TẢNG | C14: UX/UI Học viện Ẩm thực & Nền tảng Niềm tin | D14: Giao diện thương hiệu chuẩn nhận diện DuaxCar (Cam-Đen), mobile-first, tạo dựng uy tín đào tạo ẩm thực chuyên nghiệp. | E14: =COUNTIF('02_CHI_TIET_MODULE'!$A$5:$A$330,"M01") | F14: ✓ | G14: ✓ | H14: 10000000 | I14: CORE – Không tách lẻ
A15: M02 | B15: NỘI DUNG | C15: CMS + Nội dung Thương hiệu, Quy chế & Pháp lý | D15: Quản trị bài viết, cơ sở vật chất bếp thực tế, FAQ, các văn bản chính sách đào tạo, quy chế học viên và bảo lưu. | E15: =COUNTIF('02_CHI_TIET_MODULE'!$A$5:$A$330,"M02") | F15: ✓ | G15: ✓ | H15: 5000000 | I15: CORE – Không tách lẻ
A16: M03 | B16: ĐÀO TẠO | C16: Catalogue Khóa học & Bộ lọc Tìm kiếm Đa tiêu chí | D16: Học viên tra cứu khóa học theo hình thức (Onsite, 1-kèm-1, Nghề mở quán, E-learning) và theo chuyên đề món ăn. | E16: =COUNTIF('02_CHI_TIET_MODULE'!$A$5:$A$330,"M03") | F16: ✓ | G16: ✓ | H16: 5000000 | I16: CORE – Không tách lẻ
A17: M04 | B17: CURRICULUM | C17: Chi tiết Khóa học & Giáo trình Đào tạo Thực chiến | D17: Trình bày giáo trình theo buổi học (Curriculum Accordion), bí quyết nêm sốt cốt, hỗ trợ tính cost và setup mở quán. | E17: =COUNTIF('02_CHI_TIET_MODULE'!$A$5:$A$330,"M04") | F17: ✓ | G17: ✓ | H17: 10000000 | I17: CORE – Không tách lẻ
A18: M05 | B18: GIẢNG VIÊN | C18: Đội ngũ Giảng viên & Master Chef Ẩm thực | D18: Hồ sơ chuyên môn, danh hiệu Nghệ nhân Bàn tay vàng, 25+ năm kinh nghiệm bếp trưởng, bảo chứng chất lượng đào tạo. | E18: =COUNTIF('02_CHI_TIET_MODULE'!$A$5:$A$330,"M05") | F18: ✓ | G18: ✓ | H18: 5000000 | I18: CORE – Không tách lẻ
A19: M06 | B19: LỊCH HỌC | C19: Lịch Khai giảng & Quản lý Lớp học Tuyển sinh | D19: Cập nhật lịch khai giảng theo tháng, ca học sáng/chiều/tối, trạng thái lớp (còn chỗ/sắp đủ/đã chốt) và địa điểm học. | E19: =COUNTIF('02_CHI_TIET_MODULE'!$A$5:$A$330,"M06") | F19: ✓ | G19: ✓ | H19: 5000000 | I19: CORE – Không tách lẻ
A20: M07 | B20: TUYỂN SINH | C20: Thu thập Lead & Quy trình Tiếp nhận Đăng ký | D20: Form & Modal đăng ký tư vấn giữ chỗ thông minh, chuẩn hóa số điện thoại, phân loại nhu cầu học viên và chống spam. | E20: =COUNTIF('02_CHI_TIET_MODULE'!$A$5:$A$330,"M07") | F20: ✓ | G20: ✓ | H20: 5000000 | I20: CORE – Không tách lẻ
A21: M08 | B21: VẬN HÀNH | C21: Back-office Quản trị Tuyển sinh, Khóa học & Lead CRM | D21: Bảng điều khiển CMS quản lý lead tuyển sinh, cập nhật trạng thái tư vấn, chỉnh sửa khóa học, giáo trình và giảng viên. | E21: =COUNTIF('02_CHI_TIET_MODULE'!$A$5:$A$330,"M08") | F21: ✓ | G21: ✓ | H21: 10000000 | I21: CORE – Không tách lẻ
A22: M09 | B22: MEDIA | C22: Kho Media Tập trung & Tối ưu Nén ảnh Client-side | D22: Quản lý hình ảnh món ăn, video bếp; tự động nén WebP trước khi tải lên, tích hợp Media Selector dùng chung. | E22: =COUNTIF('02_CHI_TIET_MODULE'!$A$5:$A$330,"M09") | F22: ✓ | G22: ✓ | H22: 5000000 | I22: CORE – Không tách lẻ
A23: M10 | B23: CONTENT | C23: Blog Cẩm nang Ẩm thực, Bí quyết Nấu ăn & Mở quán F&B | D23: Chia sẻ bí quyết nghề bếp, kinh nghiệm quản trị F&B, mục lục tự động (Table of Contents), trình soạn thảo Rich Text. | E23: =COUNTIF('02_CHI_TIET_MODULE'!$A$5:$A$330,"M10") | F23: ✓ | G23: ✓ | H23: 10000000 | I23: CORE – Không tách lẻ
A24: M11 | B24: MARKETING | C24: SEO Chuyên sâu Ngành Đào tạo Ẩm thực & Tracking | D24: Course Schema, EducationalOrganization Schema, Sitemap tự động, tích hợp GA4, GTM và Meta Pixel đo lường tuyển sinh. | E24: =COUNTIF('02_CHI_TIET_MODULE'!$A$5:$A$330,"M11") | F24: — | G24: ✓ | H24: 5000000 | I24: ADD-ON – Nâng Cao Hiệu Quả Tuyển Sinh
A25: M12 | B25: KỸ THUẬT | C25: Hạ tầng Cloud Cao cấp, Bảo mật Database & Vận hành | D25: Hạ tầng Vercel Edge Serverless, Supabase PostgreSQL RLS, Cron Keep-alive 24/7, tự động backup dữ liệu định kỳ. | E25: =COUNTIF('02_CHI_TIET_MODULE'!$A$5:$A$330,"M12") | F25: — | G25: ✓ | H25: 10000000 | I25: ADD-ON – Vận Hành Ổn Định & An Toàn
A26: M13 | B26: THANH TOÁN | C26: Cổng Đặt cọc Giữ chỗ Khóa học & Học phí Trực tuyến | D26: Tự sinh mã VietQR động đúng số tiền cọc/học phí và mã đăng ký; tích hợp cổng VNPay/MoMo và webhook đối soát tự động. | E26: =COUNTIF('02_CHI_TIET_MODULE'!$A$5:$A$330,"M13") | F26: — | G26: ✓ | H26: 10000000 | I26: ADD-ON – Tự Động Hóa Dòng Tiền Tuyển Sinh
A27: M14 | B27: TRUST & HẬU MÃI | C27: Social Proof Chuyên sâu & Học viên Mở quán Thành công | D27: Showcase quán ăn học viên đã mở, phỏng vấn thực tế, review xác thực kèm ảnh thành phẩm và hệ thống kiểm duyệt. | E27: =COUNTIF('02_CHI_TIET_MODULE'!$A$5:$A$330,"M14") | F27: — | G27: ✓ | H27: 10000000 | I27: ADD-ON – Tăng Trưởng Uy Tín Chuyển Đổi
A28: M15 | B28: HỌC VIÊN | C28: Cổng Học viên (Student Portal) & Kho Công thức Số | D28: Tài khoản học viên xem lịch học, tải tài liệu công thức điện tử, tự động đóng Watermark SĐT/tên chống phát tán công thức. | E28: =COUNTIF('02_CHI_TIET_MODULE'!$A$5:$A$330,"M15") | F28: — | G28: ✓ | H28: 10000000 | I28: ADD-ON – Giữ Chân & Bảo Vệ Bản Quyền F&B
A29: M16 | B29: AUTOMATION | C29: CRM Tuyển sinh Tự động, Email / ZNS & Vận hành Đa cấp | D29: Tự động gửi email/ZNS xác nhận & nhắc lịch học, webhook đồng bộ CRM ngoài, phân quyền nhân viên và báo cáo doanh thu. | E29: =COUNTIF('02_CHI_TIET_MODULE'!$A$5:$A$330,"M16") | F29: — | G29: ✓ | H29: 5000000 | I29: ADD-ON – Scale Quy Mô Học Viện

Sheet 02_CHI_TIET_MODULE
A1: CHI TIẾT PHẠM VI CHỨC NĂNG HỌC VIỆN DUAXCAR KITCHEN – 01 MODULE = 01 QUY TRÌNH TRỌN GÓI
A2: Bóc tách đầy đủ chi tiết từng đầu việc, luồng nghiệp vụ và tính năng của từng module trong hệ thống website DuaxCar Kitchen.
A4: Mã | B4: Module quy trình | C4: Loại | D4: Nhóm hạng mục | E4: Chi tiết chức năng / đầu việc | F4: Core | G4: Full
A5: M01 | B5: UX/UI Học viện Ẩm thực & Nền tảng Niềm tin | C5: CORE | D5: Trang/UI | E5: Thiết kế Trang chủ theo nhận diện thương hiệu DuaxCar (Cam #FF7F00 & Đen #1A1A1A) | F5: ✓ | G5: ✓
A6: M01 | B6: UX/UI Học viện Ẩm thực & Nền tảng Niềm tin | C6: CORE | D6: Trang/UI | E6: Thiết kế Header desktop + mobile, logo thương hiệu, menu điều hướng, hotline, CTA tư vấn | F6: ✓ | G6: ✓
A7: M01 | B7: UX/UI Học viện Ẩm thực & Nền tảng Niềm tin | C7: CORE | D7: Trang/UI | E7: Thiết kế Footer: thông tin trung tâm, giấy phép kinh doanh, cơ sở bếp, mạng xã hội, chứng nhận | F7: ✓ | G7: ✓
A8: M01 | B8: UX/UI Học viện Ẩm thực & Nền tảng Niềm tin | C8: CORE | D8: Trang/UI | E8: Thiết kế giao diện Danh mục khóa học tổng hợp & bộ lọc chuyên đề món ăn | F8: ✓ | G8: ✓
A9: M01 | B9: UX/UI Học viện Ẩm thực & Nền tảng Niềm tin | C9: CORE | D9: Trang/UI | E9: Thiết kế giao diện Chi tiết khóa học đào tạo thực chiến & giáo trình chi tiết | F9: ✓ | G9: ✓
A10: M01 | B10: UX/UI Học viện Ẩm thực & Nền tảng Niềm tin | C10: CORE | D10: Trang/UI | E10: Thiết kế giao diện Lịch khai giảng các lớp học sắp mở trong tháng | F10: ✓ | G10: ✓
A11: M01 | B11: UX/UI Học viện Ẩm thực & Nền tảng Niềm tin | C11: CORE | D11: Trang/UI | E11: Thiết kế giao diện Đội ngũ Giảng viên & Master Chef ẩm thực Bàn tay vàng | F11: ✓ | G11: ✓
A12: M01 | B12: UX/UI Học viện Ẩm thực & Nền tảng Niềm tin | C12: CORE | D12: Trang/UI | E12: Thiết kế giao diện Chi tiết hồ sơ Giảng viên (tiểu sử, giải thưởng, khóa dạy) | F12: ✓ | G12: ✓
A13: M01 | B13: UX/UI Học viện Ẩm thực & Nền tảng Niềm tin | C13: CORE | D13: Trang/UI | E13: Thiết kế giao diện Cẩm nang ẩm thực & chia sẻ kinh nghiệm kinh doanh F&B | F13: ✓ | G13: ✓
A14: M01 | B14: UX/UI Học viện Ẩm thực & Nền tảng Niềm tin | C14: CORE | D14: Trang/UI | E14: Thiết kế giao diện Chi tiết bài viết cẩm nang chuẩn SEO có Table of Contents tự động | F14: ✓ | G14: ✓
A15: M01 | B15: UX/UI Học viện Ẩm thực & Nền tảng Niềm tin | C15: CORE | D15: Trang/UI | E15: Thiết kế Modal Form Đăng ký tư vấn khóa học nhanh & giữ chỗ ưu đãi | F15: ✓ | G15: ✓
... A323: M16 | B323: CRM Tuyển sinh Tự động, Automation Thông báo (Email / ZNS) & Vận hành Đa cấp | C323: ADD-ON FULL | D323: Audit Log | E323: Nhật ký hoạt động (Audit Log) ghi nhận toàn bộ thao tác cập nhật dữ liệu của nhân viên | F323: — | G323: ✓
D324: TỔNG SỐ HẠNG MỤC TÍNH NĂNG | F324: =COUNTIF(F5:F323,"✓") | G324: =COUNTIF(G5:G323,"✓")

Sheet 03_TRANG_UI
A1: DANH SÁCH TRANG / MÀN HÌNH UI THỰC TẾ BÀN GIAO – DUAXCAR KITCHEN
A2: Gói Core: 29 trang/màn hình. Gói Full: 40 trang/màn hình. Chi tiết danh mục giao diện thực tế khách hàng nghiệm thu.
A4: Nhóm màn hình | B4: Trang / Màn hình | C4: Mục đích sử dụng | D4: Core | E4: Full | F4: Thành phần UI chính
A5: Trang chủ & Tổng quan | B5: Trang chủ (Homepage) | C5: Định vị thương hiệu học viện ẩm thực, dẫn học viên xem khóa học và đăng ký tư vấn | D5: ✓ | E5: ✓ | F5: Hero carousel; USP đào tạo thực chiến; Danh mục khóa học; Khóa học tiêu biểu; Đội ngũ Master Chef; Testimonials học viên; CTA tư vấn; Footer trust
A6: Giới thiệu & Uy tín | B6: Về DuaxCar Kitchen (/ve-duaxcar) | C6: Xây dựng niềm tin, câu chuyện gìn giữ ẩm thực Việt và triết lý đào tạo thực chiến mở quán | D6: ✓ | E6: ✓ | F6: Lịch sử hình thành; Tầm nhìn & Sứ mệnh; Giới thiệu xưởng bếp; Cam kết truyền nghề; Đội ngũ Nghệ nhân Bàn tay vàng; CTA tham quan bếp
A7: Đào tạo & Khóa học | B7: Danh mục khóa học tổng hợp (/khoa-hoc) | C7: Học viên duyệt và tra cứu các khóa học theo hình thức và chuyên đề | D7: ✓ | E7: ✓ | F7: Bộ lọc Onsite/Online; Lọc chuyên đề món (Món sáng, Ốc & hải sản, Lẩu nướng...); Thanh tìm kiếm; Thẻ khóa học trực quan; Trạng thái tuyển sinh
A8: Đào tạo & Khóa học | B8: Khóa học theo chuyên đề món | C8: Trang đích chuyên sâu cho từng nhóm món ăn cụ thể | D8: ✓ | E8: ✓ | F8: Breadcrumb; Giới thiệu chuyên đề; Bộ lọc thời lượng & học phí; Danh sách khóa học thuộc chuyên đề; Form đăng ký chuyên đề
A9: Đào tạo & Khóa học | B9: Chi tiết khóa học (/khoa-hoc/[slug]) | C9: Trang chuyển đổi ra quyết định đăng ký học quan trọng nhất | D9: ✓ | E9: ✓ | F9: Hero khóa học; Gallery ảnh món ăn; Thông số sĩ số & thời lượng; Highlights quyền lợi; Curriculum Accordion từng buổi; Giảng viên đứng lớp; Sticky CTA bar; Related courses
A10: Đào tạo & Khóa học | B10: Lịch khai giảng (/lich-khai-giang) | C10: Xem lịch mở lớp trong tháng và giữ chỗ lớp phù hợp thời gian | D10: ✓ | E10: ✓ | F10: Dòng thời gian các lớp mở trong tháng; Ca học sáng/chiều/tối; Địa điểm xưởng bếp; Trạng thái slot còn chỗ; Nút Đăng ký giữ chỗ nhanh
A11: Đào tạo & Khóa học | B11: Đội ngũ Giảng viên | C11: Danh sách các Master Chef và chuyên gia ẩm thực hàng đầu | D11: ✓ | E11: ✓ | F11: Danh sách Master Chef; Danh hiệu Bàn tay vàng; Số năm kinh nghiệm; Triết lý nghề; Các khóa học phụ trách
A12: Đào tạo & Khóa học | B12: Chi tiết Giảng viên | C12: Hồ sơ chuyên gia chi tiết gia tăng uy tín học viện | D12: ✓ | E12: ✓ | F12: Chân dung chất lượng cao; Tiểu sử sự nghiệp; Bằng cấp & Giải thưởng; Quote tâm đắc; Danh sách khóa giảng dạy trực tiếp
A13: Tuyển sinh & Lead | B13: Modal Đăng ký tư vấn khóa học | C13: Thu thập thông tin học viên nhanh từ mọi điểm chạm trên website | D13: ✓ | E13: ✓ | F13: Form nhập Họ tên, SĐT, Email, Khóa học quan tâm, Cơ sở đào tạo, Nhu cầu học; Nút gửi yêu cầu; Trạng thái loading
A14: Tuyển sinh & Lead | B14: Màn hình Xác nhận Đăng ký thành công | C14: Xác nhận đã nhận thông tin và hướng dẫn các bước tiếp theo | D14: ✓ | E14: ✓ | F14: Thông báo thành công; Mã đơn đăng ký; Lời nhắc chuyên viên sẽ gọi lại; Hotline hỗ trợ nhanh
A15: Liên hệ & Tư vấn | B15: Trang Liên hệ (/lien-he) | C15: Kênh kết nối trực tiếp, đặt lịch tham quan xưởng bếp | D15: ✓ | E15: ✓ | F15: Hotline; Zalo OA; Email tuyển sinh; Địa chỉ các cơ sở đào tạo; Form để lại tin nhắn; Bản đồ Google Maps nhúng
... A44: Full – Vận hành Pro | B44: Quản lý Phân quyền Nhân sự Đa cấp (CMS) | C44: Thiết lập quyền truy cập cho từng bộ phận trong trung tâm | D44: — | E44: ✓ | F44: Quản lý tài khoản cán bộ tuyển sinh, giáo vụ, kế toán; Cấu hình quyền xem/sửa/xóa tương ứng
C45: TỔNG SỐ MÀN HÌNH UI BÀN GIAO | D45: =COUNTIF(D5:D44,"✓") | E45: =COUNTIF(E5:E44,"✓")

Sheet 04_CHI_PHI_DINH_KY
A1: CHI PHÍ ĐỊNH KỲ / BÊN THỨ BA – TÁCH KHỎI PHÍ PHÁT TRIỂN PHẦN MỀM
A3: Hạng mục | B3: Đơn vị | C3: SL | D3: Đơn giá (nhập) | E3: Chu kỳ/năm | F3: Chi phí năm | G3: Ghi chú
A4: Tên miền thương hiệu (.vn hoặc .com) | B4: năm | C4: 1 | E4: 1 | F4: =IF(OR(D4="",E4=0),"",C4*D4*E4) | G4: Tùy chọn tên miền thương hiệu: .vn (~550.000đ/năm) hoặc .com (~300.000đ/năm).
A5: Cloud Hosting / Server (Vercel Pro / VPS) | B5: tháng | C5: 1 | E5: 12 | F5: =IF(OR(D5="",E5=0),"",C5*D5*E5) | G5: Lưu trữ máy chủ ứng dụng Next.js; gói Pro (~480.000đ/tháng) hoặc VPS riêng.
A6: Cơ sở dữ liệu & Storage (Supabase Pro) | B6: tháng | C6: 1 | E6: 12 | F6: =IF(OR(D6="",E6=0),"",C6*D6*E6) | G6: Database PostgreSQL, Authentication và lưu trữ ảnh/video; gói Pro ~600.000đ/tháng.
A7: CDN / SSL / WAF / Bot Protection (Cloudflare) | B7: tháng | C7: 1 | E7: 12 | F7: =IF(OR(D7="",E7=0),"",C7*D7*E7) | G7: Tăng tốc tải trang và chống tấn công DDoS; có thể dùng gói Free hoặc Pro theo nhu cầu.
A8: Email Transactional (Resend / Brevo) | B8: tháng | C8: 1 | E8: 12 | F8: =IF(OR(D8="",E8=0),"",C8*D8*E8) | G8: Gửi email xác nhận đăng ký học, lịch khai giảng và biên nhận cọc tự động (miễn phí đến 3.000 email/tháng).
A9: SMS Brandname / Zalo ZNS Tuyển sinh | B9: tháng | C9: 1 | E9: 12 | F9: =IF(OR(D9="",E9=0),"",C9*D9*E9) | G9: Gửi tin nhắn thương hiệu xác nhận giữ chỗ và nhắc lịch học; tính theo số lượng gửi thực tế (~300đ/tin).
A10: Cổng thanh toán trực tuyến / VietQR | B10: giao dịch | C10: 1 | E10: 1 | F10: =IF(OR(D10="",E10=0),"",C10*D10*E10) | G10: Cổng thanh toán VietQR miễn phí; Cổng VNPay/MoMo thu phí ~1.1% - 2.0% trên mỗi giao dịch thành công.
A11: Bảo trì, Backup & Hỗ trợ kỹ thuật SLA | B11: tháng | C11: 1 | E11: 12 | F11: =IF(OR(D11="",E11=0),"",C11*D11*E11) | G11: Gói hỗ trợ vận hành định kỳ sau thời gian bảo hành tiêu chuẩn (tùy chọn theo thỏa thuận SLA).
E13: TỔNG CHI PHÍ NĂM | F13: =SUM(F4:F11)

Sheet 05_PHAM_VI_LUU_Y
A1: PHẠM VI & ĐIỀU KIỆN KỸ THUẬT CẦN CHỐT TRƯỚC KHI TRIỂN KHAI
A3: STT | B3: Hạng mục | C3: Cần chốt cụ thể | D3: Ví dụ minh họa thực tế | E3: Gói Tiết kiệm (Core) | F3: Gói Full (Khuyến nghị)
A4: 1 | B4: Danh mục Khóa học & Số lượng | C4: Số lượng khóa học ban đầu đưa lên website; cấu trúc phân loại chuyên đề; thông tin chi tiết từng khóa. | D4: Ví dụ: 15 khóa học ban đầu (Món sáng, Lẩu nướng, Món ốc, Bếp trưởng khởi nghiệp); trường dữ liệu: giá, số buổi, sĩ số, highlights, giáo trình. | E4: Nhập sẵn 10-15 khóa học mẫu chuẩn cấu trúc; hướng dẫn admin tự tạo không giới hạn. | F4: Hỗ trợ import toàn bộ khóa học, chuẩn hóa hình ảnh món và cấu trúc giáo trình đa cấp.
A5: 2 | B5: Giáo trình Đào tạo (Curriculum) | C5: Mức độ chi tiết của giáo trình khóa học; số buổi học; nội dung công thức và định lượng nguyên liệu. | D5: Ví dụ: Mỗi khóa có 3-5 buổi học; mỗi buổi gồm tiêu đề, tóm tắt kỹ năng đạt được và chi tiết các công thức chế biến. | E5: Giáo trình interactive accordion theo buổi học; quản lý linh hoạt qua Curriculum JSON editor. | F5: Tích hợp file giáo trình số PDF, video clip quay mẫu và tài liệu bảo mật Watermark.
A6: 3 | B6: Hồ sơ Giảng viên & Master Chef | C6: Số lượng giảng viên đưa lên hệ thống; thông tin bằng cấp, danh hiệu và giải thưởng ẩm thực. | D6: Ví dụ: 3-5 Master Chef; Thầy Phạm Văn Long (Nghệ nhân Bàn tay vàng, 25+ năm kinh nghiệm); ảnh chân dung, giải thưởng, khóa phụ trách. | E6: Tạo hồ sơ chuyên gia chuẩn nhận diện uy tín, gán khóa học phụ trách tương ứng. | F6: Thêm trang chi tiết chuyên sâu từng Master Chef, chứng chỉ nghề và bài phỏng vấn truyền nghề.
A7: 4 | B7: Lịch Khai giảng & Quản lý Slot | C7: Quy định mở lớp hàng tháng; số cơ sở đào tạo; quy tắc hiển thị trạng thái lớp học (Còn chỗ / Sắp hết / Đã đóng). | D7: Ví dụ: Mỗi tháng mở 6-8 lớp; ca học Sáng (8h30-11h30), Chiều (14h-17h); giới hạn tối đa 8-10 học viên/lớp để cầm tay chỉ việc. | E7: Hiển thị lịch khai giảng theo tháng; đăng ký tư vấn chọn lớp thủ công. | F7: Tự động khóa slot khi nhận đủ số lượng cọc; hiển thị số chỗ còn lại theo thời gian thực.
A8: 5 | B8: Quy trình Thu thập Lead & Tuyển sinh | C8: Các trường thông tin học viên cần thu thập; quy trình tiếp nhận và phân bổ chuyên viên tư vấn. | D8: Ví dụ: Họ tên, Số điện thoại (bắt buộc), Email, Khóa quan tâm, Cơ sở đào tạo mong muốn, Nhu cầu (mở quán / nâng tay nghề). | E8: Thu lead chuẩn vào database Supabase; quản lý trạng thái tư vấn trong CMS back-office. | F8: Tự động gửi email/ZNS xác nhận; đồng bộ dữ liệu sang Google Sheets/CRM ngoài qua Webhook.
A9: 6 | B9: Thiết kế Giao diện (UI/UX) | C9: Số lượng màn hình thiết kế; phong cách nhận diện thương hiệu; số vòng chỉnh sửa góp ý. | D9: Ví dụ: Nhận diện màu Cam-Đen DuaxCar Kitchen; phong cách hiện đại, ngon miệng, ẩm thực cao cấp; tối đa 2 vòng góp ý hoàn thiện. | E9: Thiết kế hoàn chỉnh 29 màn hình Core desktop & mobile theo nhận diện DuaxCar. | F9: Bao gồm 40 màn hình toàn diện (thêm Cổng học viên, Showcase quán học viên, Cổng cọc VietQR).
A10: 7 | B10: Trang Nội dung & Cẩm nang Ẩm thực | C10: Danh sách các trang tĩnh cần xây dựng và số bài viết cẩm nang ban đầu khi bàn giao website. | D10: Ví dụ: Giới thiệu, Liên hệ, FAQ, Quy chế đào tạo, Bảo mật, Học phí & bảo lưu; nhập sẵn 10 bài viết cẩm nang ẩm thực chuẩn SEO. | E10: Các trang tĩnh cốt lõi + 10 bài viết cẩm nang nhập sẵn ban đầu. | F10: Mở rộng bài viết cẩm nang, bí quyết mở quán và mục lục tự động (Table of Contents).
A11: 8 | B11: Cổng Thanh toán Đặt cọc Giữ chỗ | C11: Phương thức thanh toán cọc giữ chỗ; tài khoản ngân hàng nhận tiền; quy trình đối soát. | D11: Ví dụ: Sinh mã VietQR động đúng số tiền cọc (1.000.000đ) kèm mã đơn; hoặc cổng VNPay/MoMo liên kết tài khoản doanh nghiệp. | E11: Hướng dẫn chuyển khoản ngân hàng thủ công kèm cú pháp mã đơn. | F11: Tự động sinh mã VietQR động theo đơn; tích hợp cổng thanh toán trực tuyến và Webhook đối soát.
A12: 9 | B12: Social Proof & Học viên Mở quán | C12: Cơ chế thu thập và kiểm duyệt cảm nhận học viên; hình ảnh quán ăn thực tế sau khóa học. | D12: Ví dụ: Hình ảnh học viên mở quán phở/lẩu tại Hà Nội & các tỉnh; video phỏng vấn doanh thu quán; điểm đánh giá 5 sao. | E12: Khu vực Testimonials chọn lọc hiển thị trang chủ. | F12: Showcase chuyên đề học viên mở quán thành công; form gửi review xác thực kèm ảnh thành phẩm.
A13: 10 | B13: Cổng Học viên & Bảo vệ Bản quyền Công thức | C13: Quy định tài khoản học viên; bảo mật tài liệu công thức bí quyết ẩm thực độc quyền của DuaxCar. | D13: Ví dụ: Học viên đăng nhập xem tài liệu PDF công thức; tự động đóng dấu chìm Watermark SĐT học viên lên file. | E13: Cung cấp tài liệu giáo trình trực tiếp tại xưởng bếp trong buổi học. | F13: Cổng học viên riêng biệt; kho công thức điện tử có Watermark chống sao chép và phát tán.
A14: 11 | B14: Thông báo Tự động (Email & ZNS) | C14: Kênh gửi thông báo và các sự kiện tự động kích hoạt thông báo đến học viên. | D14: Ví dụ: Gửi email chào mừng khi đăng ký; tin nhắn Zalo ZNS xác nhận giữ chỗ thành công; nhắc lịch học trước 2 ngày. | E14: Email thông báo tiếp nhận thông tin học viên cơ bản. | F14: Hệ thống Email tự động theo kịch bản tuyển sinh + Tích hợp Zalo ZNS / SMS Brandname.
A15: 12 | B15: SEO & Tiếp thị Số (Tracking) | C15: Bộ từ khóa mục tiêu ngành đào tạo nghề F&B; mã theo dõi quảng cáo cần tích hợp. | D15: Ví dụ: Từ khóa 'học nấu ăn mở quán', 'học làm nước dùng phở'; mã GA4, Google Tag Manager, Meta Pixel theo dõi form. | E15: SEO On-page cơ bản, Course Schema chuẩn Google. | F15: SEO Schema đa tầng, sitemap tự động, thiết lập tracking chuyển đổi toàn diện cho GA4 và Facebook Ads.
... A19: 16 | B19: Bảo hành & Hỗ trợ Kỹ thuật | C19: Thời gian bảo hành; thời gian phản hồi sự cố; phạm vi khắc phục lỗi phần mềm. | D19: Ví dụ: Bảo hành kỹ thuật 03 tháng sau nghiệm thu; phản hồi lỗi nghiêm trọng trong vòng 2-4 giờ làm việc. | E19: Cam kết bảo hành lỗi kỹ thuật 03 tháng kể từ ngày bàn giao nghiệm thu. | F19: Bảo hành kỹ thuật 06 tháng; ưu đãi giảm 20% khi nâng cấp thêm tính năng trong năm đầu tiên.
